login.html,APP/Cylinders/Rms/RmsViewController/public_html/login.html,,1155282,,N,,N,,,
index.html,APP/Cylinders/Rms/RmsViewController/public_html/index.html,,1155282,,N,,N,,,
welcome.jsp,APP/Cylinders/Rms/RmsViewController/public_html/welcome.jsp,,1155282,,N,,N,,,
error.html,APP/Cylinders/Rms/RmsViewController/public_html/error.html,,1214353,,N,,N,,,
WEB-INF/trinidad-config.xml,APP/webhelp/rmsHelp/public_html/WEB-INF/trinidad-config.xml,,1179919,,N,,N,,,
WEB-INF/faces-config.xml,APP/webhelp/rmsHelp/public_html/WEB-INF/faces-config.xml,,1179919,,N,,N,,,
WEB-INF/trinidad-skins.xml,APP/Cylinders/Rms/RmsViewController/public_html/WEB-INF/trinidad-skins.xml,,1211119,,N,,N,,,
WEB-INF/web.xml,APP/webhelp/rmsHelp/public_html/WEB-INF/web.xml,,1179919,,N,,N,,,
WEB-INF/adfc-config.xml,APP/Cylinders/Rms/RmsViewController/public_html/WEB-INF/adfc-config.xml,,1200566,,N,,N,,,
WEB-INF/weblogic.xml,APP/webhelp/rmsHelp/public_html/WEB-INF/weblogic.xml,,1179919,,N,,N,,,
WEB-INF/oracle/retail/apps/rms/view/config/flow/MaintainModeFlow.xml,APP/Cylinders/Rms/RmsViewController/public_html/WEB-INF/oracle/retail/apps/rms/view/config/flow/MaintainModeFlow.xml,,1155282,,N,,N,,,
WEB-INF/oracle/retail/apps/rms/view/config/fragments/MaintainMode.jsff,APP/Cylinders/Rms/RmsViewController/public_html/WEB-INF/oracle/retail/apps/rms/view/config/fragments/MaintainMode.jsff,,1155282,,N,,N,,,
WEB-INF/lib/AdfRmsCommonViewController.jar,UNVER/AdfRmsCommonViewController.jar,,,,N,,N,,,
WEB-INF/lib/AdfRmsProcurement.jar,UNVER/AdfRmsProcurement.jar,,,,N,,N,,,
WEB-INF/lib/RetailAppsPlSqlCustomTypes.jar,UNVER/RetailAppsPlSqlCustomTypes.jar,,,,N,,N,,,
WEB-INF/lib/commons-logging-1.2.jar,UNVER/commons-logging-1.2.jar,,,,N,,N,,,
WEB-INF/lib/AdfRmsFoundationHierarchy.jar,UNVER/AdfRmsFoundationHierarchy.jar,,,,N,,N,,,
WEB-INF/lib/AdfRmsFoundationItem.jar,UNVER/AdfRmsFoundationItem.jar,,,,N,,N,,,
WEB-INF/lib/httpcore-4.4.4.jar,UNVER/httpcore-4.4.4.jar,,,,N,,N,,,
WEB-INF/lib/commons-codec-1.9.jar,UNVER/commons-codec-1.9.jar,,,,N,,N,,,
WEB-INF/lib/ohw-rcf-5.0.0.jar,UNVER/ohw-rcf-5.0.0.jar,,,,N,,N,,,
WEB-INF/lib/AdfRmsImport.jar,UNVER/AdfRmsImport.jar,,,,N,,N,,,
WEB-INF/lib/AdfRmsCommonModel.jar,UNVER/AdfRmsCommonModel.jar,,,,N,,N,,,
WEB-INF/lib/AdfRmsInventory.jar,UNVER/AdfRmsInventory.jar,,,,N,,N,,,
WEB-INF/lib/RmsCommonI18n.jar,UNVER/RmsCommonI18n.jar,,,,N,,N,,,
WEB-INF/lib/ohw-share-5.0.0.jar,UNVER/ohw-share-5.0.0.jar,,,,N,,N,,,
WEB-INF/lib/help-share-5.0.0.jar,UNVER/help-share-5.0.0.jar,,,,N,,N,,,
WEB-INF/lib/httpclient-4.5.2.jar,UNVER/httpclient-4.5.2.jar,,,,N,,N,,,
WEB-INF/lib/AdfRmsFoundationOther.jar,UNVER/AdfRmsFoundationOther.jar,,,,N,,N,,,
WEB-INF/lib/AdfRmsJavaWrappersModel.jar,UNVER/AdfRmsJavaWrappersModel.jar,,,,N,,N,,,
WEB-INF/lib/AdfRetailAppsModel.jar,WEB-INF/lib/AdfRetailAppsModel.jar,,1207408,,N,,Y,,,
WEB-INF/lib/AdfRetailAppsCollabIntModel.jar,WEB-INF/lib/AdfRetailAppsCollabIntModel.jar,,1194855,,N,,Y,,,
WEB-INF/lib/RetailAppsFrameworkSkinResources.jar,WEB-INF/lib/RetailAppsFrameworkSkinResources.jar,,0,,N,,Y,,,
WEB-INF/lib/RmsI18n.jar,WEB-INF/lib/RmsI18n.jar,,1215315,,N,,Y,,,
WEB-INF/lib/RetailAppsI18nBundles.jar,WEB-INF/lib/RetailAppsI18nBundles.jar,,1202254,,N,,Y,,,
WEB-INF/lib/AdfRetailAppsViewController.jar,WEB-INF/lib/AdfRetailAppsViewController.jar,,1207420,,N,,Y,,,
WEB-INF/lib/AdfRmsModel.jar,WEB-INF/lib/AdfRmsModel.jar,,1214500,,N,,Y,,,
WEB-INF/classes/oracle/retail/apps/framework/viewcontroller/RetailAppsViewController.properties,APP/Cylinders/Rms/RmsViewController/src/oracle/retail/apps/framework/viewcontroller/RetailAppsViewController.properties,,1196814,,N,,N,,,
WEB-INF/classes/oracle/retail/apps/rms/view/DataBindings.cpx,APP/Cylinders/Rms/RmsViewController/adfmsrc/oracle/retail/apps/rms/view/DataBindings.cpx,,1155282,,N,,N,,,
WEB-INF/classes/oracle/retail/apps/rms/view/config/bean/MaintainModeBean.class,APP/Cylinders/Rms/RmsViewController/src/oracle/retail/apps/rms/view/config/bean/MaintainModeBean.java,,1176839,,N,,N,,,
WEB-INF/classes/oracle/retail/apps/rms/view/uishell/PreferencesPageDef.xml,APP/Cylinders/Rms/RmsViewController/adfmsrc/oracle/retail/apps/rms/view/uishell/PreferencesPageDef.xml,,1156877,,N,,N,,,
WEB-INF/classes/oracle/retail/apps/rms/view/uishell/LoginPageDef.xml,APP/Cylinders/Rms/RmsViewController/adfmsrc/oracle/retail/apps/rms/view/uishell/LoginPageDef.xml,,1156877,,N,,N,,,
WEB-INF/classes/oracle/retail/apps/rms/view/uishell/HomePageDef.xml,APP/Cylinders/Rms/RmsViewController/adfmsrc/oracle/retail/apps/rms/view/uishell/HomePageDef.xml,,1156877,,N,,N,,,
WEB-INF/classes/oracle/retail/apps/rms/view/uishell/AboutPageDef.xml,APP/Cylinders/Rms/RmsViewController/adfmsrc/oracle/retail/apps/rms/view/uishell/AboutPageDef.xml,,1156877,,N,,N,,,
WEB-INF/classes/oracle/retail/apps/rms/view/uishell/config/custom/HomeSidebarNavigationTreeModel.xml,APP/Cylinders/Rms/RmsViewController/src/oracle/retail/apps/rms/view/uishell/config/custom/HomeSidebarNavigationTreeModel.xml,,1214975,,N,,N,,,
WEB-INF/classes/oracle/retail/apps/rms/view/uishell/config/custom/HomeReportsMenuModel.xml,APP/Cylinders/Rms/RmsViewController/src/oracle/retail/apps/rms/view/uishell/config/custom/HomeReportsMenuModel.xml,,1211033,,N,,N,,,
WEB-INF/classes/oracle/retail/apps/rms/view/uishell/config/custom/HomeGlobalMenuModel.xml,APP/Cylinders/Rms/RmsViewController/src/oracle/retail/apps/rms/view/uishell/config/custom/HomeGlobalMenuModel.xml,,1156877,,N,,N,,,
WEB-INF/classes/oracle/retail/apps/rms/view/uishell/config/custom/PreferencesGlobalMenuModel.xml,APP/Cylinders/Rms/RmsViewController/src/oracle/retail/apps/rms/view/uishell/config/custom/PreferencesGlobalMenuModel.xml,,1155282,,N,,N,,,
WEB-INF/classes/oracle/retail/apps/rms/view/uishell/config/custom/PreferencesSidebarNavigationTreeModel.xml,APP/Cylinders/Rms/RmsViewController/src/oracle/retail/apps/rms/view/uishell/config/custom/PreferencesSidebarNavigationTreeModel.xml,,1155282,,N,,N,,,
oracle/retail/apps/rms/view/uishell/About.jspx,APP/Cylinders/Rms/RmsViewController/public_html/oracle/retail/apps/rms/view/uishell/About.jspx,,1156877,,N,,N,,,
oracle/retail/apps/rms/view/uishell/Login.jspx,APP/Cylinders/Rms/RmsViewController/public_html/oracle/retail/apps/rms/view/uishell/Login.jspx,,1156877,,N,,N,,,
oracle/retail/apps/rms/view/uishell/Home.jspx,APP/Cylinders/Rms/RmsViewController/public_html/oracle/retail/apps/rms/view/uishell/Home.jspx,,1183598,,N,,N,,,
oracle/retail/apps/rms/view/uishell/Preferences.jspx,APP/Cylinders/Rms/RmsViewController/public_html/oracle/retail/apps/rms/view/uishell/Preferences.jspx,,1201055,,N,,N,,,
css/rms.css,APP/Cylinders/Rms/RmsViewController/public_html/css/rms.css,,1212499,,N,,N,,,
images/oracle_logo.png,APP/Cylinders/Rms/RmsViewController/public_html/images/oracle_logo.png,,1214353,,N,,N,,,
